date,jour,joursemaine,mois,annee,semaine,Ferie,avant_Ferie,apr√®s_Ferie,solde_ete,solde_hiver
2021-01-01,1,4,1,2021,0,1,0,0,0,0
2021-01-02,2,5,1,2021,0,0,0,1,0,0
2021-01-03,3,6,1,2021,0,0,0,0,0,0
2021-01-04,4,0,1,2021,1,0,0,0,0,0
2021-01-05,5,1,1,2021,1,0,0,0,0,0
2021-01-06,6,2,1,2021,1,0,0,0,0,0
2021-01-07,7,3,1,2021,1,0,0,0,0,0
2021-01-08,8,4,1,2021,1,0,0,0,0,0
2021-01-09,9,5,1,2021,1,0,0,0,0,0
2021-01-10,10,6,1,2021,1,0,0,0,0,0
2021-01-11,11,0,1,2021,2,0,0,0,0,0
2021-01-12,12,1,1,2021,2,0,0,0,0,0
2021-01-13,13,2,1,2021,2,0,0,0,0,0
2021-01-14,14,3,1,2021,2,0,0,0,0,0
2021-01-15,15,4,1,2021,2,0,0,0,0,0
2021-01-16,16,5,1,2021,2,0,0,0,0,0
2021-01-17,17,6,1,2021,2,0,0,0,0,0
2021-01-18,18,0,1,2021,3,0,0,0,0,0
2021-01-19,19,1,1,2021,3,0,0,0,0,0
2021-01-20,20,2,1,2021,3,0,0,0,0,0
2021-01-21,21,3,1,2021,3,0,0,0,0,0
2021-01-22,22,4,1,2021,3,0,0,0,0,0
2021-01-23,23,5,1,2021,3,0,0,0,0,0
2021-01-24,24,6,1,2021,3,0,0,0,0,0
2021-01-25,25,0,1,2021,4,0,0,0,0,0
2021-01-26,26,1,1,2021,4,0,0,0,0,0
2021-01-27,27,2,1,2021,4,0,0,0,0,1
2021-01-28,28,3,1,2021,4,0,0,0,0,1
2021-01-29,29,4,1,2021,4,0,0,0,0,1
2021-01-30,30,5,1,2021,4,0,0,0,0,1
2021-01-31,31,6,1,2021,4,0,0,0,0,1
2021-02-01,1,0,2,2021,5,0,0,0,0,1
2021-02-02,2,1,2,2021,5,0,0,0,0,1
2021-02-03,3,2,2,2021,5,0,0,0,0,2
2021-02-04,4,3,2,2021,5,0,0,0,0,2
2021-02-05,5,4,2,2021,5,0,0,0,0,2
2021-02-06,6,5,2,2021,5,0,0,0,0,2
2021-02-07,7,6,2,2021,5,0,0,0,0,2
2021-02-08,8,0,2,2021,6,0,0,0,0,2
2021-02-09,9,1,2,2021,6,0,0,0,0,2
2021-02-10,10,2,2,2021,6,0,0,0,0,3
2021-02-11,11,3,2,2021,6,0,0,0,0,3
2021-02-12,12,4,2,2021,6,0,0,0,0,3
2021-02-13,13,5,2,2021,6,0,0,0,0,3
2021-02-14,14,6,2,2021,6,0,0,0,0,3
2021-02-15,15,0,2,2021,7,0,0,0,0,3
2021-02-16,16,1,2,2021,7,0,0,0,0,3
2021-02-17,17,2,2,2021,7,0,0,0,0,0
2021-02-18,18,3,2,2021,7,0,0,0,0,0
2021-02-19,19,4,2,2021,7,0,0,0,0,0
2021-02-20,20,5,2,2021,7,0,0,0,0,0
2021-02-21,21,6,2,2021,7,0,0,0,0,0
2021-02-22,22,0,2,2021,8,0,0,0,0,0
2021-02-23,23,1,2,2021,8,0,0,0,0,0
2021-02-24,24,2,2,2021,8,0,0,0,0,0
2021-02-25,25,3,2,2021,8,0,0,0,0,0
2021-02-26,26,4,2,2021,8,0,0,0,0,0
2021-02-27,27,5,2,2021,8,0,0,0,0,0
2021-02-28,28,6,2,2021,8,0,0,0,0,0
2021-03-01,1,0,3,2021,9,0,0,0,0,0
2021-03-02,2,1,3,2021,9,0,0,0,0,0
2021-03-03,3,2,3,2021,9,0,0,0,0,0
2021-03-04,4,3,3,2021,9,0,0,0,0,0
2021-03-05,5,4,3,2021,9,0,0,0,0,0
2021-03-06,6,5,3,2021,9,0,0,0,0,0
2021-03-07,7,6,3,2021,9,0,0,0,0,0
2021-03-08,8,0,3,2021,10,0,0,0,0,0
2021-03-09,9,1,3,2021,10,0,0,0,0,0
2021-03-10,10,2,3,2021,10,0,0,0,0,0
2021-03-11,11,3,3,2021,10,0,0,0,0,0
2021-03-12,12,4,3,2021,10,0,0,0,0,0
2021-03-13,13,5,3,2021,10,0,0,0,0,0
2021-03-14,14,6,3,2021,10,0,0,0,0,0
2021-03-15,15,0,3,2021,11,0,0,0,0,0
2021-03-16,16,1,3,2021,11,0,0,0,0,0
2021-03-17,17,2,3,2021,11,0,0,0,0,0
2021-03-18,18,3,3,2021,11,0,0,0,0,0
2021-03-19,19,4,3,2021,11,0,0,0,0,0
2021-03-20,20,5,3,2021,11,0,0,0,0,0
2021-03-21,21,6,3,2021,11,0,0,0,0,0
2021-03-22,22,0,3,2021,12,0,0,0,0,0
2021-03-23,23,1,3,2021,12,0,0,0,0,0
2021-03-24,24,2,3,2021,12,0,0,0,0,0
2021-03-25,25,3,3,2021,12,0,0,0,0,0
2021-03-26,26,4,3,2021,12,0,0,0,0,0
2021-03-27,27,5,3,2021,12,0,0,0,0,0
2021-03-28,28,6,3,2021,12,0,0,0,0,0
2021-03-29,29,0,3,2021,13,0,0,0,0,0
2021-03-30,30,1,3,2021,13,0,0,0,0,0
2021-03-31,31,2,3,2021,13,0,0,0,0,0
2021-04-01,1,3,4,2021,13,0,0,0,0,0
2021-04-02,2,4,4,2021,13,0,0,0,0,0
2021-04-03,3,5,4,2021,13,0,0,0,0,0
2021-04-04,4,6,4,2021,13,0,1,0,0,0
2021-04-05,5,0,4,2021,14,1,0,0,0,0
2021-04-06,6,1,4,2021,14,0,0,1,0,0
2021-04-07,7,2,4,2021,14,0,0,0,0,0
2021-04-08,8,3,4,2021,14,0,0,0,0,0
2021-04-09,9,4,4,2021,14,0,0,0,0,0
2021-04-10,10,5,4,2021,14,0,0,0,0,0
2021-04-11,11,6,4,2021,14,0,0,0,0,0
2021-04-12,12,0,4,2021,15,0,0,0,0,0
2021-04-13,13,1,4,2021,15,0,0,0,0,0
2021-04-14,14,2,4,2021,15,0,0,0,0,0
2021-04-15,15,3,4,2021,15,0,0,0,0,0
2021-04-16,16,4,4,2021,15,0,0,0,0,0
2021-04-17,17,5,4,2021,15,0,0,0,0,0
2021-04-18,18,6,4,2021,15,0,0,0,0,0
2021-04-19,19,0,4,2021,16,0,0,0,0,0
2021-04-20,20,1,4,2021,16,0,0,0,0,0
2021-04-21,21,2,4,2021,16,0,0,0,0,0
2021-04-22,22,3,4,2021,16,0,0,0,0,0
2021-04-23,23,4,4,2021,16,0,0,0,0,0
2021-04-24,24,5,4,2021,16,0,0,0,0,0
2021-04-25,25,6,4,2021,16,0,0,0,0,0
2021-04-26,26,0,4,2021,17,0,0,0,0,0
2021-04-27,27,1,4,2021,17,0,0,0,0,0
2021-04-28,28,2,4,2021,17,0,0,0,0,0
2021-04-29,29,3,4,2021,17,0,0,0,0,0
2021-04-30,30,4,4,2021,17,0,1,0,0,0
2021-05-01,1,5,5,2021,17,1,0,0,0,0
2021-05-02,2,6,5,2021,17,0,0,1,0,0
2021-05-03,3,0,5,2021,18,0,0,0,0,0
2021-05-04,4,1,5,2021,18,0,0,0,0,0
2021-05-05,5,2,5,2021,18,0,0,0,0,0
2021-05-06,6,3,5,2021,18,0,0,0,0,0
2021-05-07,7,4,5,2021,18,0,1,0,0,0
2021-05-08,8,5,5,2021,18,1,0,0,0,0
2021-05-09,9,6,5,2021,18,0,0,1,0,0
2021-05-10,10,0,5,2021,19,0,0,0,0,0
2021-05-11,11,1,5,2021,19,0,0,0,0,0
2021-05-12,12,2,5,2021,19,0,1,0,0,0
2021-05-13,13,3,5,2021,19,1,0,0,0,0
2021-05-14,14,4,5,2021,19,0,0,1,0,0
2021-05-15,15,5,5,2021,19,0,0,0,0,0
2021-05-16,16,6,5,2021,19,0,0,0,0,0
2021-05-17,17,0,5,2021,20,0,0,0,0,0
2021-05-18,18,1,5,2021,20,0,0,0,0,0
2021-05-19,19,2,5,2021,20,0,0,0,0,0
2021-05-20,20,3,5,2021,20,0,0,0,0,0
2021-05-21,21,4,5,2021,20,0,0,0,0,0
2021-05-22,22,5,5,2021,20,0,0,0,0,0
2021-05-23,23,6,5,2021,20,0,1,0,0,0
2021-05-24,24,0,5,2021,21,1,0,0,0,0
2021-05-25,25,1,5,2021,21,0,0,1,0,0
2021-05-26,26,2,5,2021,21,0,0,0,0,0
2021-05-27,27,3,5,2021,21,0,0,0,0,0
2021-05-28,28,4,5,2021,21,0,0,0,0,0
2021-05-29,29,5,5,2021,21,0,0,0,0,0
2021-05-30,30,6,5,2021,21,0,0,0,0,0
2021-05-31,31,0,5,2021,22,0,0,0,0,0
2021-06-01,1,1,6,2021,22,0,0,0,0,0
2021-06-02,2,2,6,2021,22,0,0,0,0,0
2021-06-03,3,3,6,2021,22,0,0,0,0,0
2021-06-04,4,4,6,2021,22,0,0,0,0,0
2021-06-05,5,5,6,2021,22,0,0,0,0,0
2021-06-06,6,6,6,2021,22,0,0,0,0,0
2021-06-07,7,0,6,2021,23,0,0,0,0,0
2021-06-08,8,1,6,2021,23,0,0,0,0,0
2021-06-09,9,2,6,2021,23,0,0,0,0,0
2021-06-10,10,3,6,2021,23,0,0,0,0,0
2021-06-11,11,4,6,2021,23,0,0,0,0,0
2021-06-12,12,5,6,2021,23,0,0,0,0,0
2021-06-13,13,6,6,2021,23,0,0,0,0,0
2021-06-14,14,0,6,2021,24,0,0,0,0,0
2021-06-15,15,1,6,2021,24,0,0,0,0,0
2021-06-16,16,2,6,2021,24,0,0,0,0,0
2021-06-17,17,3,6,2021,24,0,0,0,0,0
2021-06-18,18,4,6,2021,24,0,0,0,0,0
2021-06-19,19,5,6,2021,24,0,0,0,0,0
2021-06-20,20,6,6,2021,24,0,0,0,0,0
2021-06-21,21,0,6,2021,25,0,0,0,0,0
2021-06-22,22,1,6,2021,25,0,0,0,0,0
2021-06-23,23,2,6,2021,25,0,0,0,0,0
2021-06-24,24,3,6,2021,25,0,0,0,0,0
2021-06-25,25,4,6,2021,25,0,0,0,0,0
2021-06-26,26,5,6,2021,25,0,0,0,0,0
2021-06-27,27,6,6,2021,25,0,0,0,0,0
2021-06-28,28,0,6,2021,26,0,0,0,0,0
2021-06-29,29,1,6,2021,26,0,0,0,0,0
2021-06-30,30,2,6,2021,26,0,0,0,0,0
2021-07-01,1,3,7,2021,26,0,0,0,0,0
2021-07-02,2,4,7,2021,26,0,0,0,0,0
2021-07-03,3,5,7,2021,26,0,0,0,0,0
2021-07-04,4,6,7,2021,26,0,0,0,0,0
2021-07-05,5,0,7,2021,27,0,0,0,0,0
2021-07-06,6,1,7,2021,27,0,0,0,0,0
2021-07-07,7,2,7,2021,27,0,0,0,1,0
2021-07-08,8,3,7,2021,27,0,0,0,1,0
2021-07-09,9,4,7,2021,27,0,0,0,1,0
2021-07-10,10,5,7,2021,27,0,0,0,1,0
2021-07-11,11,6,7,2021,27,0,0,0,1,0
2021-07-12,12,0,7,2021,28,0,0,0,1,0
2021-07-13,13,1,7,2021,28,0,1,0,1,0
2021-07-14,14,2,7,2021,28,1,0,0,2,0
2021-07-15,15,3,7,2021,28,0,0,1,2,0
2021-07-16,16,4,7,2021,28,0,0,0,2,0
2021-07-17,17,5,7,2021,28,0,0,0,2,0
2021-07-18,18,6,7,2021,28,0,0,0,2,0
2021-07-19,19,0,7,2021,29,0,0,0,2,0
2021-07-20,20,1,7,2021,29,0,0,0,2,0
2021-07-21,21,2,7,2021,29,0,0,0,3,0
2021-07-22,22,3,7,2021,29,0,0,0,3,0
2021-07-23,23,4,7,2021,29,0,0,0,3,0
2021-07-24,24,5,7,2021,29,0,0,0,3,0
2021-07-25,25,6,7,2021,29,0,0,0,3,0
2021-07-26,26,0,7,2021,30,0,0,0,3,0
2021-07-27,27,1,7,2021,30,0,0,0,3,0
2021-07-28,28,2,7,2021,30,0,0,0,0,0
2021-07-29,29,3,7,2021,30,0,0,0,0,0
2021-07-30,30,4,7,2021,30,0,0,0,0,0
2021-07-31,31,5,7,2021,30,0,0,0,0,0
2021-08-01,1,6,8,2021,30,0,0,0,0,0
2021-08-02,2,0,8,2021,31,0,0,0,0,0
2021-08-03,3,1,8,2021,31,0,0,0,0,0
2021-08-04,4,2,8,2021,31,0,0,0,0,0
2021-08-05,5,3,8,2021,31,0,0,0,0,0
2021-08-06,6,4,8,2021,31,0,0,0,0,0
2021-08-07,7,5,8,2021,31,0,0,0,0,0
2021-08-08,8,6,8,2021,31,0,0,0,0,0
2021-08-09,9,0,8,2021,32,0,0,0,0,0
2021-08-10,10,1,8,2021,32,0,0,0,0,0
2021-08-11,11,2,8,2021,32,0,0,0,0,0
2021-08-12,12,3,8,2021,32,0,0,0,0,0
2021-08-13,13,4,8,2021,32,0,0,0,0,0
2021-08-14,14,5,8,2021,32,0,1,0,0,0
2021-08-15,15,6,8,2021,32,1,0,0,0,0
2021-08-16,16,0,8,2021,33,0,0,1,0,0
2021-08-17,17,1,8,2021,33,0,0,0,0,0
2021-08-18,18,2,8,2021,33,0,0,0,0,0
2021-08-19,19,3,8,2021,33,0,0,0,0,0
2021-08-20,20,4,8,2021,33,0,0,0,0,0
2021-08-21,21,5,8,2021,33,0,0,0,0,0
2021-08-22,22,6,8,2021,33,0,0,0,0,0
2021-08-23,23,0,8,2021,34,0,0,0,0,0
2021-08-24,24,1,8,2021,34,0,0,0,0,0
2021-08-25,25,2,8,2021,34,0,0,0,0,0
2021-08-26,26,3,8,2021,34,0,0,0,0,0
2021-08-27,27,4,8,2021,34,0,0,0,0,0
2021-08-28,28,5,8,2021,34,0,0,0,0,0
2021-08-29,29,6,8,2021,34,0,0,0,0,0
2021-08-30,30,0,8,2021,35,0,0,0,0,0
2021-08-31,31,1,8,2021,35,0,0,0,0,0
2021-09-01,1,2,9,2021,35,0,0,0,0,0
2021-09-02,2,3,9,2021,35,0,0,0,0,0
2021-09-03,3,4,9,2021,35,0,0,0,0,0
2021-09-04,4,5,9,2021,35,0,0,0,0,0
2021-09-05,5,6,9,2021,35,0,0,0,0,0
2021-09-06,6,0,9,2021,36,0,0,0,0,0
2021-09-07,7,1,9,2021,36,0,0,0,0,0
2021-09-08,8,2,9,2021,36,0,0,0,0,0
2021-09-09,9,3,9,2021,36,0,0,0,0,0
2021-09-10,10,4,9,2021,36,0,0,0,0,0
2021-09-11,11,5,9,2021,36,0,0,0,0,0
2021-09-12,12,6,9,2021,36,0,0,0,0,0
2021-09-13,13,0,9,2021,37,0,0,0,0,0
2021-09-14,14,1,9,2021,37,0,0,0,0,0
2021-09-15,15,2,9,2021,37,0,0,0,0,0
2021-09-16,16,3,9,2021,37,0,0,0,0,0
2021-09-17,17,4,9,2021,37,0,0,0,0,0
2021-09-18,18,5,9,2021,37,0,0,0,0,0
2021-09-19,19,6,9,2021,37,0,0,0,0,0
2021-09-20,20,0,9,2021,38,0,0,0,0,0
2021-09-21,21,1,9,2021,38,0,0,0,0,0
2021-09-22,22,2,9,2021,38,0,0,0,0,0
2021-09-23,23,3,9,2021,38,0,0,0,0,0
2021-09-24,24,4,9,2021,38,0,0,0,0,0
2021-09-25,25,5,9,2021,38,0,0,0,0,0
2021-09-26,26,6,9,2021,38,0,0,0,0,0
2021-09-27,27,0,9,2021,39,0,0,0,0,0
2021-09-28,28,1,9,2021,39,0,0,0,0,0
2021-09-29,29,2,9,2021,39,0,0,0,0,0
2021-09-30,30,3,9,2021,39,0,0,0,0,0
2021-10-01,1,4,10,2021,39,0,0,0,0,0
2021-10-02,2,5,10,2021,39,0,0,0,0,0
2021-10-03,3,6,10,2021,39,0,0,0,0,0
2021-10-04,4,0,10,2021,40,0,0,0,0,0
2021-10-05,5,1,10,2021,40,0,0,0,0,0
2021-10-06,6,2,10,2021,40,0,0,0,0,0
2021-10-07,7,3,10,2021,40,0,0,0,0,0
2021-10-08,8,4,10,2021,40,0,0,0,0,0
2021-10-09,9,5,10,2021,40,0,0,0,0,0
2021-10-10,10,6,10,2021,40,0,0,0,0,0
2021-10-11,11,0,10,2021,41,0,0,0,0,0
2021-10-12,12,1,10,2021,41,0,0,0,0,0
2021-10-13,13,2,10,2021,41,0,0,0,0,0
2021-10-14,14,3,10,2021,41,0,0,0,0,0
2021-10-15,15,4,10,2021,41,0,0,0,0,0
2021-10-16,16,5,10,2021,41,0,0,0,0,0
2021-10-17,17,6,10,2021,41,0,0,0,0,0
2021-10-18,18,0,10,2021,42,0,0,0,0,0
2021-10-19,19,1,10,2021,42,0,0,0,0,0
2021-10-20,20,2,10,2021,42,0,0,0,0,0
2021-10-21,21,3,10,2021,42,0,0,0,0,0
2021-10-22,22,4,10,2021,42,0,0,0,0,0
2021-10-23,23,5,10,2021,42,0,0,0,0,0
2021-10-24,24,6,10,2021,42,0,0,0,0,0
2021-10-25,25,0,10,2021,43,0,0,0,0,0
2021-10-26,26,1,10,2021,43,0,0,0,0,0
2021-10-27,27,2,10,2021,43,0,0,0,0,0
2021-10-28,28,3,10,2021,43,0,0,0,0,0
2021-10-29,29,4,10,2021,43,0,0,0,0,0
2021-10-30,30,5,10,2021,43,0,0,0,0,0
2021-10-31,31,6,10,2021,43,0,1,0,0,0
2021-11-01,1,0,11,2021,44,1,0,0,0,0
2021-11-02,2,1,11,2021,44,0,0,1,0,0
2021-11-03,3,2,11,2021,44,0,0,0,0,0
2021-11-04,4,3,11,2021,44,0,0,0,0,0
2021-11-05,5,4,11,2021,44,0,0,0,0,0
2021-11-06,6,5,11,2021,44,0,0,0,0,0
2021-11-07,7,6,11,2021,44,0,0,0,0,0
2021-11-08,8,0,11,2021,45,0,0,0,0,0
2021-11-09,9,1,11,2021,45,0,0,0,0,0
2021-11-10,10,2,11,2021,45,0,1,0,0,0
2021-11-11,11,3,11,2021,45,1,0,0,0,0
2021-11-12,12,4,11,2021,45,0,0,1,0,0
2021-11-13,13,5,11,2021,45,0,0,0,0,0
2021-11-14,14,6,11,2021,45,0,0,0,0,0
2021-11-15,15,0,11,2021,46,0,0,0,0,0
2021-11-16,16,1,11,2021,46,0,0,0,0,0
2021-11-17,17,2,11,2021,46,0,0,0,0,0
2021-11-18,18,3,11,2021,46,0,0,0,0,0
2021-11-19,19,4,11,2021,46,0,0,0,0,0
2021-11-20,20,5,11,2021,46,0,0,0,0,0
2021-11-21,21,6,11,2021,46,0,0,0,0,0
2021-11-22,22,0,11,2021,47,0,0,0,0,0
2021-11-23,23,1,11,2021,47,0,0,0,0,0
2021-11-24,24,2,11,2021,47,0,0,0,0,0
2021-11-25,25,3,11,2021,47,0,0,0,0,0
2021-11-26,26,4,11,2021,47,0,0,0,0,0
2021-11-27,27,5,11,2021,47,0,0,0,0,0
2021-11-28,28,6,11,2021,47,0,0,0,0,0
2021-11-29,29,0,11,2021,48,0,0,0,0,0
2021-11-30,30,1,11,2021,48,0,0,0,0,0
2021-12-01,1,2,12,2021,48,0,0,0,0,0
2021-12-02,2,3,12,2021,48,0,0,0,0,0
2021-12-03,3,4,12,2021,48,0,0,0,0,0
2021-12-04,4,5,12,2021,48,0,0,0,0,0
2021-12-05,5,6,12,2021,48,0,0,0,0,0
2021-12-06,6,0,12,2021,49,0,0,0,0,0
2021-12-07,7,1,12,2021,49,0,0,0,0,0
2021-12-08,8,2,12,2021,49,0,0,0,0,0
2021-12-09,9,3,12,2021,49,0,0,0,0,0
2021-12-10,10,4,12,2021,49,0,0,0,0,0
2021-12-11,11,5,12,2021,49,0,0,0,0,0
2021-12-12,12,6,12,2021,49,0,0,0,0,0
2021-12-13,13,0,12,2021,50,0,0,0,0,0
2021-12-14,14,1,12,2021,50,0,0,0,0,0
2021-12-15,15,2,12,2021,50,0,0,0,0,0
2021-12-16,16,3,12,2021,50,0,0,0,0,0
2021-12-17,17,4,12,2021,50,0,0,0,0,0
2021-12-18,18,5,12,2021,50,0,0,0,0,0
2021-12-19,19,6,12,2021,50,0,0,0,0,0
2021-12-20,20,0,12,2021,51,0,0,0,0,0
2021-12-21,21,1,12,2021,51,0,0,0,0,0
2021-12-22,22,2,12,2021,51,0,0,0,0,0
2021-12-23,23,3,12,2021,51,0,0,0,0,0
2021-12-24,24,4,12,2021,51,0,1,0,0,0
2021-12-25,25,5,12,2021,51,1,0,0,0,0
2021-12-26,26,6,12,2021,51,0,0,1,0,0
2021-12-27,27,0,12,2021,52,0,0,0,0,0
2021-12-28,28,1,12,2021,52,0,0,0,0,0
2021-12-29,29,2,12,2021,52,0,0,0,0,0
2021-12-30,30,3,12,2021,52,0,0,0,0,0
2021-12-31,31,4,12,2021,52,0,1,0,0,0
2022-01-01,1,5,1,2022,0,1,0,0,0,0
2022-01-02,2,6,1,2022,0,0,0,1,0,0
2022-01-03,3,0,1,2022,1,0,0,0,0,0
2022-01-04,4,1,1,2022,1,0,0,0,0,0
2022-01-05,5,2,1,2022,1,0,0,0,0,0
2022-01-06,6,3,1,2022,1,0,0,0,0,0
2022-01-07,7,4,1,2022,1,0,0,0,0,0
2022-01-08,8,5,1,2022,1,0,0,0,0,0
2022-01-09,9,6,1,2022,1,0,0,0,0,0
2022-01-10,10,0,1,2022,2,0,0,0,0,0
2022-01-11,11,1,1,2022,2,0,0,0,0,0
2022-01-12,12,2,1,2022,2,0,0,0,0,0
2022-01-13,13,3,1,2022,2,0,0,0,0,0
2022-01-14,14,4,1,2022,2,0,0,0,0,0
2022-01-15,15,5,1,2022,2,0,0,0,0,0
2022-01-16,16,6,1,2022,2,0,0,0,0,0
2022-01-17,17,0,1,2022,3,0,0,0,0,0
2022-01-18,18,1,1,2022,3,0,0,0,0,0
2022-01-19,19,2,1,2022,3,0,0,0,0,1
2022-01-20,20,3,1,2022,3,0,0,0,0,1
2022-01-21,21,4,1,2022,3,0,0,0,0,1
2022-01-22,22,5,1,2022,3,0,0,0,0,1
2022-01-23,23,6,1,2022,3,0,0,0,0,1
2022-01-24,24,0,1,2022,4,0,0,0,0,1
2022-01-25,25,1,1,2022,4,0,0,0,0,1
2022-01-26,26,2,1,2022,4,0,0,0,0,2
2022-01-27,27,3,1,2022,4,0,0,0,0,2
2022-01-28,28,4,1,2022,4,0,0,0,0,2
2022-01-29,29,5,1,2022,4,0,0,0,0,2
2022-01-30,30,6,1,2022,4,0,0,0,0,2
2022-01-31,31,0,1,2022,5,0,0,0,0,2
2022-02-01,1,1,2,2022,5,0,0,0,0,2
2022-02-02,2,2,2,2022,5,0,0,0,0,3
2022-02-03,3,3,2,2022,5,0,0,0,0,3
2022-02-04,4,4,2,2022,5,0,0,0,0,3
2022-02-05,5,5,2,2022,5,0,0,0,0,3
2022-02-06,6,6,2,2022,5,0,0,0,0,3
2022-02-07,7,0,2,2022,6,0,0,0,0,3
2022-02-08,8,1,2,2022,6,0,0,0,0,3
2022-02-09,9,2,2,2022,6,0,0,0,0,0
2022-02-10,10,3,2,2022,6,0,0,0,0,0
2022-02-11,11,4,2,2022,6,0,0,0,0,0
2022-02-12,12,5,2,2022,6,0,0,0,0,0
2022-02-13,13,6,2,2022,6,0,0,0,0,0
2022-02-14,14,0,2,2022,7,0,0,0,0,0
2022-02-15,15,1,2,2022,7,0,0,0,0,0
2022-02-16,16,2,2,2022,7,0,0,0,0,0
2022-02-17,17,3,2,2022,7,0,0,0,0,0
2022-02-18,18,4,2,2022,7,0,0,0,0,0
2022-02-19,19,5,2,2022,7,0,0,0,0,0
2022-02-20,20,6,2,2022,7,0,0,0,0,0
2022-02-21,21,0,2,2022,8,0,0,0,0,0
2022-02-22,22,1,2,2022,8,0,0,0,0,0
2022-02-23,23,2,2,2022,8,0,0,0,0,0
2022-02-24,24,3,2,2022,8,0,0,0,0,0
2022-02-25,25,4,2,2022,8,0,0,0,0,0
2022-02-26,26,5,2,2022,8,0,0,0,0,0
2022-02-27,27,6,2,2022,8,0,0,0,0,0
2022-02-28,28,0,2,2022,9,0,0,0,0,0
2022-03-01,1,1,3,2022,9,0,0,0,0,0
2022-03-02,2,2,3,2022,9,0,0,0,0,0
2022-03-03,3,3,3,2022,9,0,0,0,0,0
2022-03-04,4,4,3,2022,9,0,0,0,0,0
2022-03-05,5,5,3,2022,9,0,0,0,0,0
2022-03-06,6,6,3,2022,9,0,0,0,0,0
2022-03-07,7,0,3,2022,10,0,0,0,0,0
2022-03-08,8,1,3,2022,10,0,0,0,0,0
2022-03-09,9,2,3,2022,10,0,0,0,0,0
2022-03-10,10,3,3,2022,10,0,0,0,0,0
2022-03-11,11,4,3,2022,10,0,0,0,0,0
2022-03-12,12,5,3,2022,10,0,0,0,0,0
2022-03-13,13,6,3,2022,10,0,0,0,0,0
2022-03-14,14,0,3,2022,11,0,0,0,0,0
2022-03-15,15,1,3,2022,11,0,0,0,0,0
2022-03-16,16,2,3,2022,11,0,0,0,0,0
2022-03-17,17,3,3,2022,11,0,0,0,0,0
2022-03-18,18,4,3,2022,11,0,0,0,0,0
2022-03-19,19,5,3,2022,11,0,0,0,0,0
2022-03-20,20,6,3,2022,11,0,0,0,0,0
2022-03-21,21,0,3,2022,12,0,0,0,0,0
2022-03-22,22,1,3,2022,12,0,0,0,0,0
2022-03-23,23,2,3,2022,12,0,0,0,0,0
2022-03-24,24,3,3,2022,12,0,0,0,0,0
2022-03-25,25,4,3,2022,12,0,0,0,0,0
2022-03-26,26,5,3,2022,12,0,0,0,0,0
2022-03-27,27,6,3,2022,12,0,0,0,0,0
2022-03-28,28,0,3,2022,13,0,0,0,0,0
2022-03-29,29,1,3,2022,13,0,0,0,0,0
2022-03-30,30,2,3,2022,13,0,0,0,0,0
2022-03-31,31,3,3,2022,13,0,0,0,0,0
2022-04-01,1,4,4,2022,13,0,0,0,0,0
2022-04-02,2,5,4,2022,13,0,0,0,0,0
2022-04-03,3,6,4,2022,13,0,0,0,0,0
2022-04-04,4,0,4,2022,14,0,0,0,0,0
2022-04-05,5,1,4,2022,14,0,0,0,0,0
2022-04-06,6,2,4,2022,14,0,0,0,0,0
2022-04-07,7,3,4,2022,14,0,0,0,0,0
2022-04-08,8,4,4,2022,14,0,0,0,0,0
2022-04-09,9,5,4,2022,14,0,0,0,0,0
2022-04-10,10,6,4,2022,14,0,0,0,0,0
2022-04-11,11,0,4,2022,15,0,0,0,0,0
2022-04-12,12,1,4,2022,15,0,0,0,0,0
2022-04-13,13,2,4,2022,15,0,0,0,0,0
2022-04-14,14,3,4,2022,15,0,0,0,0,0
2022-04-15,15,4,4,2022,15,0,0,0,0,0
2022-04-16,16,5,4,2022,15,0,0,0,0,0
2022-04-17,17,6,4,2022,15,0,1,0,0,0
2022-04-18,18,0,4,2022,16,1,0,0,0,0
2022-04-19,19,1,4,2022,16,0,0,1,0,0
2022-04-20,20,2,4,2022,16,0,0,0,0,0
2022-04-21,21,3,4,2022,16,0,0,0,0,0
2022-04-22,22,4,4,2022,16,0,0,0,0,0
2022-04-23,23,5,4,2022,16,0,0,0,0,0
2022-04-24,24,6,4,2022,16,0,0,0,0,0
2022-04-25,25,0,4,2022,17,0,0,0,0,0
2022-04-26,26,1,4,2022,17,0,0,0,0,0
2022-04-27,27,2,4,2022,17,0,0,0,0,0
2022-04-28,28,3,4,2022,17,0,0,0,0,0
2022-04-29,29,4,4,2022,17,0,0,0,0,0
2022-04-30,30,5,4,2022,17,0,1,0,0,0
2022-05-01,1,6,5,2022,17,1,0,0,0,0
2022-05-02,2,0,5,2022,18,0,0,1,0,0
2022-05-03,3,1,5,2022,18,0,0,0,0,0
2022-05-04,4,2,5,2022,18,0,0,0,0,0
2022-05-05,5,3,5,2022,18,0,0,0,0,0
2022-05-06,6,4,5,2022,18,0,0,0,0,0
2022-05-07,7,5,5,2022,18,0,1,0,0,0
2022-05-08,8,6,5,2022,18,1,0,0,0,0
2022-05-09,9,0,5,2022,19,0,0,1,0,0
2022-05-10,10,1,5,2022,19,0,0,0,0,0
2022-05-11,11,2,5,2022,19,0,0,0,0,0
2022-05-12,12,3,5,2022,19,0,0,0,0,0
2022-05-13,13,4,5,2022,19,0,0,0,0,0
2022-05-14,14,5,5,2022,19,0,0,0,0,0
2022-05-15,15,6,5,2022,19,0,0,0,0,0
2022-05-16,16,0,5,2022,20,0,0,0,0,0
2022-05-17,17,1,5,2022,20,0,0,0,0,0
2022-05-18,18,2,5,2022,20,0,0,0,0,0
2022-05-19,19,3,5,2022,20,0,0,0,0,0
2022-05-20,20,4,5,2022,20,0,0,0,0,0
2022-05-21,21,5,5,2022,20,0,0,0,0,0
2022-05-22,22,6,5,2022,20,0,0,0,0,0
2022-05-23,23,0,5,2022,21,0,0,0,0,0
2022-05-24,24,1,5,2022,21,0,0,0,0,0
2022-05-25,25,2,5,2022,21,0,1,0,0,0
2022-05-26,26,3,5,2022,21,1,0,0,0,0
2022-05-27,27,4,5,2022,21,0,0,1,0,0
2022-05-28,28,5,5,2022,21,0,0,0,0,0
2022-05-29,29,6,5,2022,21,0,0,0,0,0
2022-05-30,30,0,5,2022,22,0,0,0,0,0
2022-05-31,31,1,5,2022,22,0,0,0,0,0
2022-06-01,1,2,6,2022,22,0,0,0,0,0
2022-06-02,2,3,6,2022,22,0,0,0,0,0
2022-06-03,3,4,6,2022,22,0,0,0,0,0
2022-06-04,4,5,6,2022,22,0,0,0,0,0
2022-06-05,5,6,6,2022,22,0,1,0,0,0
2022-06-06,6,0,6,2022,23,1,0,0,0,0
2022-06-07,7,1,6,2022,23,0,0,1,0,0
2022-06-08,8,2,6,2022,23,0,0,0,0,0
2022-06-09,9,3,6,2022,23,0,0,0,0,0
2022-06-10,10,4,6,2022,23,0,0,0,0,0
2022-06-11,11,5,6,2022,23,0,0,0,0,0
2022-06-12,12,6,6,2022,23,0,0,0,0,0
2022-06-13,13,0,6,2022,24,0,0,0,0,0
2022-06-14,14,1,6,2022,24,0,0,0,0,0
2022-06-15,15,2,6,2022,24,0,0,0,0,0
2022-06-16,16,3,6,2022,24,0,0,0,0,0
2022-06-17,17,4,6,2022,24,0,0,0,0,0
2022-06-18,18,5,6,2022,24,0,0,0,0,0
2022-06-19,19,6,6,2022,24,0,0,0,0,0
2022-06-20,20,0,6,2022,25,0,0,0,0,0
2022-06-21,21,1,6,2022,25,0,0,0,0,0
2022-06-22,22,2,6,2022,25,0,0,0,0,0
2022-06-23,23,3,6,2022,25,0,0,0,0,0
2022-06-24,24,4,6,2022,25,0,0,0,0,0
2022-06-25,25,5,6,2022,25,0,0,0,0,0
2022-06-26,26,6,6,2022,25,0,0,0,0,0
2022-06-27,27,0,6,2022,26,0,0,0,0,0
2022-06-28,28,1,6,2022,26,0,0,0,0,0
2022-06-29,29,2,6,2022,26,0,0,0,1,0
2022-06-30,30,3,6,2022,26,0,0,0,1,0
2022-07-01,1,4,7,2022,26,0,0,0,1,0
2022-07-02,2,5,7,2022,26,0,0,0,1,0
2022-07-03,3,6,7,2022,26,0,0,0,1,0
2022-07-04,4,0,7,2022,27,0,0,0,1,0
2022-07-05,5,1,7,2022,27,0,0,0,1,0
2022-07-06,6,2,7,2022,27,0,0,0,2,0
2022-07-07,7,3,7,2022,27,0,0,0,2,0
2022-07-08,8,4,7,2022,27,0,0,0,2,0
2022-07-09,9,5,7,2022,27,0,0,0,2,0
2022-07-10,10,6,7,2022,27,0,0,0,2,0
2022-07-11,11,0,7,2022,28,0,0,0,2,0
2022-07-12,12,1,7,2022,28,0,0,0,2,0
2022-07-13,13,2,7,2022,28,0,1,0,3,0
2022-07-14,14,3,7,2022,28,1,0,0,3,0
2022-07-15,15,4,7,2022,28,0,0,1,3,0
2022-07-16,16,5,7,2022,28,0,0,0,3,0
2022-07-17,17,6,7,2022,28,0,0,0,3,0
2022-07-18,18,0,7,2022,29,0,0,0,3,0
2022-07-19,19,1,7,2022,29,0,0,0,3,0
2022-07-20,20,2,7,2022,29,0,0,0,0,0
2022-07-21,21,3,7,2022,29,0,0,0,0,0
2022-07-22,22,4,7,2022,29,0,0,0,0,0
2022-07-23,23,5,7,2022,29,0,0,0,0,0
2022-07-24,24,6,7,2022,29,0,0,0,0,0
2022-07-25,25,0,7,2022,30,0,0,0,0,0
2022-07-26,26,1,7,2022,30,0,0,0,0,0
2022-07-27,27,2,7,2022,30,0,0,0,0,0
2022-07-28,28,3,7,2022,30,0,0,0,0,0
2022-07-29,29,4,7,2022,30,0,0,0,0,0
2022-07-30,30,5,7,2022,30,0,0,0,0,0
2022-07-31,31,6,7,2022,30,0,0,0,0,0
2022-08-01,1,0,8,2022,31,0,0,0,0,0
2022-08-02,2,1,8,2022,31,0,0,0,0,0
2022-08-03,3,2,8,2022,31,0,0,0,0,0
2022-08-04,4,3,8,2022,31,0,0,0,0,0
2022-08-05,5,4,8,2022,31,0,0,0,0,0
2022-08-06,6,5,8,2022,31,0,0,0,0,0
2022-08-07,7,6,8,2022,31,0,0,0,0,0
2022-08-08,8,0,8,2022,32,0,0,0,0,0
2022-08-09,9,1,8,2022,32,0,0,0,0,0
2022-08-10,10,2,8,2022,32,0,0,0,0,0
2022-08-11,11,3,8,2022,32,0,0,0,0,0
2022-08-12,12,4,8,2022,32,0,0,0,0,0
2022-08-13,13,5,8,2022,32,0,0,0,0,0
2022-08-14,14,6,8,2022,32,0,1,0,0,0
2022-08-15,15,0,8,2022,33,1,0,0,0,0
2022-08-16,16,1,8,2022,33,0,0,1,0,0
2022-08-17,17,2,8,2022,33,0,0,0,0,0
2022-08-18,18,3,8,2022,33,0,0,0,0,0
2022-08-19,19,4,8,2022,33,0,0,0,0,0
2022-08-20,20,5,8,2022,33,0,0,0,0,0
2022-08-21,21,6,8,2022,33,0,0,0,0,0
2022-08-22,22,0,8,2022,34,0,0,0,0,0
2022-08-23,23,1,8,2022,34,0,0,0,0,0
2022-08-24,24,2,8,2022,34,0,0,0,0,0
2022-08-25,25,3,8,2022,34,0,0,0,0,0
2022-08-26,26,4,8,2022,34,0,0,0,0,0
2022-08-27,27,5,8,2022,34,0,0,0,0,0
2022-08-28,28,6,8,2022,34,0,0,0,0,0
2022-08-29,29,0,8,2022,35,0,0,0,0,0
2022-08-30,30,1,8,2022,35,0,0,0,0,0
2022-08-31,31,2,8,2022,35,0,0,0,0,0
2022-09-01,1,3,9,2022,35,0,0,0,0,0
2022-09-02,2,4,9,2022,35,0,0,0,0,0
2022-09-03,3,5,9,2022,35,0,0,0,0,0
2022-09-04,4,6,9,2022,35,0,0,0,0,0
2022-09-05,5,0,9,2022,36,0,0,0,0,0
2022-09-06,6,1,9,2022,36,0,0,0,0,0
2022-09-07,7,2,9,2022,36,0,0,0,0,0
2022-09-08,8,3,9,2022,36,0,0,0,0,0
2022-09-09,9,4,9,2022,36,0,0,0,0,0
2022-09-10,10,5,9,2022,36,0,0,0,0,0
2022-09-11,11,6,9,2022,36,0,0,0,0,0
2022-09-12,12,0,9,2022,37,0,0,0,0,0
2022-09-13,13,1,9,2022,37,0,0,0,0,0
2022-09-14,14,2,9,2022,37,0,0,0,0,0
2022-09-15,15,3,9,2022,37,0,0,0,0,0
2022-09-16,16,4,9,2022,37,0,0,0,0,0
2022-09-17,17,5,9,2022,37,0,0,0,0,0
2022-09-18,18,6,9,2022,37,0,0,0,0,0
2022-09-19,19,0,9,2022,38,0,0,0,0,0
2022-09-20,20,1,9,2022,38,0,0,0,0,0
2022-09-21,21,2,9,2022,38,0,0,0,0,0
2022-09-22,22,3,9,2022,38,0,0,0,0,0
2022-09-23,23,4,9,2022,38,0,0,0,0,0
2022-09-24,24,5,9,2022,38,0,0,0,0,0
2022-09-25,25,6,9,2022,38,0,0,0,0,0
2022-09-26,26,0,9,2022,39,0,0,0,0,0
2022-09-27,27,1,9,2022,39,0,0,0,0,0
2022-09-28,28,2,9,2022,39,0,0,0,0,0
2022-09-29,29,3,9,2022,39,0,0,0,0,0
2022-09-30,30,4,9,2022,39,0,0,0,0,0
2022-10-01,1,5,10,2022,39,0,0,0,0,0
2022-10-02,2,6,10,2022,39,0,0,0,0,0
2022-10-03,3,0,10,2022,40,0,0,0,0,0
2022-10-04,4,1,10,2022,40,0,0,0,0,0
2022-10-05,5,2,10,2022,40,0,0,0,0,0
2022-10-06,6,3,10,2022,40,0,0,0,0,0
2022-10-07,7,4,10,2022,40,0,0,0,0,0
2022-10-08,8,5,10,2022,40,0,0,0,0,0
2022-10-09,9,6,10,2022,40,0,0,0,0,0
2022-10-10,10,0,10,2022,41,0,0,0,0,0
2022-10-11,11,1,10,2022,41,0,0,0,0,0
2022-10-12,12,2,10,2022,41,0,0,0,0,0
2022-10-13,13,3,10,2022,41,0,0,0,0,0
2022-10-14,14,4,10,2022,41,0,0,0,0,0
2022-10-15,15,5,10,2022,41,0,0,0,0,0
2022-10-16,16,6,10,2022,41,0,0,0,0,0
2022-10-17,17,0,10,2022,42,0,0,0,0,0
2022-10-18,18,1,10,2022,42,0,0,0,0,0
2022-10-19,19,2,10,2022,42,0,0,0,0,0
2022-10-20,20,3,10,2022,42,0,0,0,0,0
2022-10-21,21,4,10,2022,42,0,0,0,0,0
2022-10-22,22,5,10,2022,42,0,0,0,0,0
2022-10-23,23,6,10,2022,42,0,0,0,0,0
2022-10-24,24,0,10,2022,43,0,0,0,0,0
2022-10-25,25,1,10,2022,43,0,0,0,0,0
2022-10-26,26,2,10,2022,43,0,0,0,0,0
2022-10-27,27,3,10,2022,43,0,0,0,0,0
2022-10-28,28,4,10,2022,43,0,0,0,0,0
2022-10-29,29,5,10,2022,43,0,0,0,0,0
2022-10-30,30,6,10,2022,43,0,0,0,0,0
2022-10-31,31,0,10,2022,44,0,1,0,0,0
2022-11-01,1,1,11,2022,44,1,0,0,0,0
2022-11-02,2,2,11,2022,44,0,0,1,0,0
2022-11-03,3,3,11,2022,44,0,0,0,0,0
2022-11-04,4,4,11,2022,44,0,0,0,0,0
2022-11-05,5,5,11,2022,44,0,0,0,0,0
2022-11-06,6,6,11,2022,44,0,0,0,0,0
2022-11-07,7,0,11,2022,45,0,0,0,0,0
2022-11-08,8,1,11,2022,45,0,0,0,0,0
2022-11-09,9,2,11,2022,45,0,0,0,0,0
2022-11-10,10,3,11,2022,45,0,1,0,0,0
2022-11-11,11,4,11,2022,45,1,0,0,0,0
2022-11-12,12,5,11,2022,45,0,0,1,0,0
2022-11-13,13,6,11,2022,45,0,0,0,0,0
2022-11-14,14,0,11,2022,46,0,0,0,0,0
2022-11-15,15,1,11,2022,46,0,0,0,0,0
2022-11-16,16,2,11,2022,46,0,0,0,0,0
2022-11-17,17,3,11,2022,46,0,0,0,0,0
2022-11-18,18,4,11,2022,46,0,0,0,0,0
2022-11-19,19,5,11,2022,46,0,0,0,0,0
2022-11-20,20,6,11,2022,46,0,0,0,0,0
2022-11-21,21,0,11,2022,47,0,0,0,0,0
2022-11-22,22,1,11,2022,47,0,0,0,0,0
2022-11-23,23,2,11,2022,47,0,0,0,0,0
2022-11-24,24,3,11,2022,47,0,0,0,0,0
2022-11-25,25,4,11,2022,47,0,0,0,0,0
2022-11-26,26,5,11,2022,47,0,0,0,0,0
2022-11-27,27,6,11,2022,47,0,0,0,0,0
2022-11-28,28,0,11,2022,48,0,0,0,0,0
2022-11-29,29,1,11,2022,48,0,0,0,0,0
2022-11-30,30,2,11,2022,48,0,0,0,0,0
2022-12-01,1,3,12,2022,48,0,0,0,0,0
2022-12-02,2,4,12,2022,48,0,0,0,0,0
2022-12-03,3,5,12,2022,48,0,0,0,0,0
2022-12-04,4,6,12,2022,48,0,0,0,0,0
2022-12-05,5,0,12,2022,49,0,0,0,0,0
2022-12-06,6,1,12,2022,49,0,0,0,0,0
2022-12-07,7,2,12,2022,49,0,0,0,0,0
2022-12-08,8,3,12,2022,49,0,0,0,0,0
2022-12-09,9,4,12,2022,49,0,0,0,0,0
2022-12-10,10,5,12,2022,49,0,0,0,0,0
2022-12-11,11,6,12,2022,49,0,0,0,0,0
2022-12-12,12,0,12,2022,50,0,0,0,0,0
2022-12-13,13,1,12,2022,50,0,0,0,0,0
2022-12-14,14,2,12,2022,50,0,0,0,0,0
2022-12-15,15,3,12,2022,50,0,0,0,0,0
2022-12-16,16,4,12,2022,50,0,0,0,0,0
2022-12-17,17,5,12,2022,50,0,0,0,0,0
2022-12-18,18,6,12,2022,50,0,0,0,0,0
2022-12-19,19,0,12,2022,51,0,0,0,0,0
2022-12-20,20,1,12,2022,51,0,0,0,0,0
2022-12-21,21,2,12,2022,51,0,0,0,0,0
2022-12-22,22,3,12,2022,51,0,0,0,0,0
2022-12-23,23,4,12,2022,51,0,0,0,0,0
2022-12-24,24,5,12,2022,51,0,1,0,0,0
2022-12-25,25,6,12,2022,51,1,0,0,0,0
2022-12-26,26,0,12,2022,52,0,0,1,0,0
2022-12-27,27,1,12,2022,52,0,0,0,0,0
2022-12-28,28,2,12,2022,52,0,0,0,0,0
2022-12-29,29,3,12,2022,52,0,0,0,0,0
2022-12-30,30,4,12,2022,52,0,0,0,0,0
2022-12-31,31,5,12,2022,52,0,1,0,0,0
2023-01-01,1,6,1,2023,0,1,0,0,0,0
2023-01-02,2,0,1,2023,1,0,0,1,0,0
2023-01-03,3,1,1,2023,1,0,0,0,0,0
2023-01-04,4,2,1,2023,1,0,0,0,0,0
2023-01-05,5,3,1,2023,1,0,0,0,0,0
2023-01-06,6,4,1,2023,1,0,0,0,0,0
2023-01-07,7,5,1,2023,1,0,0,0,0,0
2023-01-08,8,6,1,2023,1,0,0,0,0,0
2023-01-09,9,0,1,2023,2,0,0,0,0,0
2023-01-10,10,1,1,2023,2,0,0,0,0,0
2023-01-11,11,2,1,2023,2,0,0,0,0,0
2023-01-12,12,3,1,2023,2,0,0,0,0,0
2023-01-13,13,4,1,2023,2,0,0,0,0,0
2023-01-14,14,5,1,2023,2,0,0,0,0,0
2023-01-15,15,6,1,2023,2,0,0,0,0,0
2023-01-16,16,0,1,2023,3,0,0,0,0,0
2023-01-17,17,1,1,2023,3,0,0,0,0,0
2023-01-18,18,2,1,2023,3,0,0,0,0,1
2023-01-19,19,3,1,2023,3,0,0,0,0,1
2023-01-20,20,4,1,2023,3,0,0,0,0,1
2023-01-21,21,5,1,2023,3,0,0,0,0,1
2023-01-22,22,6,1,2023,3,0,0,0,0,1
2023-01-23,23,0,1,2023,4,0,0,0,0,1
2023-01-24,24,1,1,2023,4,0,0,0,0,1
2023-01-25,25,2,1,2023,4,0,0,0,0,2
2023-01-26,26,3,1,2023,4,0,0,0,0,2
2023-01-27,27,4,1,2023,4,0,0,0,0,2
2023-01-28,28,5,1,2023,4,0,0,0,0,2
2023-01-29,29,6,1,2023,4,0,0,0,0,2
2023-01-30,30,0,1,2023,5,0,0,0,0,2
2023-01-31,31,1,1,2023,5,0,0,0,0,2
2023-02-01,1,2,2,2023,5,0,0,0,0,3
2023-02-02,2,3,2,2023,5,0,0,0,0,3
2023-02-03,3,4,2,2023,5,0,0,0,0,3
2023-02-04,4,5,2,2023,5,0,0,0,0,3
2023-02-05,5,6,2,2023,5,0,0,0,0,3
2023-02-06,6,0,2,2023,6,0,0,0,0,3
2023-02-07,7,1,2,2023,6,0,0,0,0,3
2023-02-08,8,2,2,2023,6,0,0,0,0,0
2023-02-09,9,3,2,2023,6,0,0,0,0,0
2023-02-10,10,4,2,2023,6,0,0,0,0,0
2023-02-11,11,5,2,2023,6,0,0,0,0,0
2023-02-12,12,6,2,2023,6,0,0,0,0,0
2023-02-13,13,0,2,2023,7,0,0,0,0,0
2023-02-14,14,1,2,2023,7,0,0,0,0,0
2023-02-15,15,2,2,2023,7,0,0,0,0,0
2023-02-16,16,3,2,2023,7,0,0,0,0,0
2023-02-17,17,4,2,2023,7,0,0,0,0,0
2023-02-18,18,5,2,2023,7,0,0,0,0,0
2023-02-19,19,6,2,2023,7,0,0,0,0,0
2023-02-20,20,0,2,2023,8,0,0,0,0,0
2023-02-21,21,1,2,2023,8,0,0,0,0,0
2023-02-22,22,2,2,2023,8,0,0,0,0,0
2023-02-23,23,3,2,2023,8,0,0,0,0,0
2023-02-24,24,4,2,2023,8,0,0,0,0,0
2023-02-25,25,5,2,2023,8,0,0,0,0,0
2023-02-26,26,6,2,2023,8,0,0,0,0,0
2023-02-27,27,0,2,2023,9,0,0,0,0,0
2023-02-28,28,1,2,2023,9,0,0,0,0,0
2023-03-01,1,2,3,2023,9,0,0,0,0,0
2023-03-02,2,3,3,2023,9,0,0,0,0,0
2023-03-03,3,4,3,2023,9,0,0,0,0,0
2023-03-04,4,5,3,2023,9,0,0,0,0,0
2023-03-05,5,6,3,2023,9,0,0,0,0,0
2023-03-06,6,0,3,2023,10,0,0,0,0,0
2023-03-07,7,1,3,2023,10,0,0,0,0,0
2023-03-08,8,2,3,2023,10,0,0,0,0,0
2023-03-09,9,3,3,2023,10,0,0,0,0,0
2023-03-10,10,4,3,2023,10,0,0,0,0,0
2023-03-11,11,5,3,2023,10,0,0,0,0,0
2023-03-12,12,6,3,2023,10,0,0,0,0,0
2023-03-13,13,0,3,2023,11,0,0,0,0,0
2023-03-14,14,1,3,2023,11,0,0,0,0,0
2023-03-15,15,2,3,2023,11,0,0,0,0,0
2023-03-16,16,3,3,2023,11,0,0,0,0,0
2023-03-17,17,4,3,2023,11,0,0,0,0,0
2023-03-18,18,5,3,2023,11,0,0,0,0,0
2023-03-19,19,6,3,2023,11,0,0,0,0,0
2023-03-20,20,0,3,2023,12,0,0,0,0,0
2023-03-21,21,1,3,2023,12,0,0,0,0,0
2023-03-22,22,2,3,2023,12,0,0,0,0,0
2023-03-23,23,3,3,2023,12,0,0,0,0,0
2023-03-24,24,4,3,2023,12,0,0,0,0,0
2023-03-25,25,5,3,2023,12,0,0,0,0,0
2023-03-26,26,6,3,2023,12,0,0,0,0,0
2023-03-27,27,0,3,2023,13,0,0,0,0,0
2023-03-28,28,1,3,2023,13,0,0,0,0,0
2023-03-29,29,2,3,2023,13,0,0,0,0,0
2023-03-30,30,3,3,2023,13,0,0,0,0,0
2023-03-31,31,4,3,2023,13,0,0,0,0,0
2023-04-01,1,5,4,2023,13,0,0,0,0,0
2023-04-02,2,6,4,2023,13,0,0,0,0,0
2023-04-03,3,0,4,2023,14,0,0,0,0,0
2023-04-04,4,1,4,2023,14,0,0,0,0,0
2023-04-05,5,2,4,2023,14,0,0,0,0,0
2023-04-06,6,3,4,2023,14,0,0,0,0,0
2023-04-07,7,4,4,2023,14,0,0,0,0,0
2023-04-08,8,5,4,2023,14,0,0,0,0,0
2023-04-09,9,6,4,2023,14,0,1,0,0,0
2023-04-10,10,0,4,2023,15,1,0,0,0,0
2023-04-11,11,1,4,2023,15,0,0,1,0,0
2023-04-12,12,2,4,2023,15,0,0,0,0,0
2023-04-13,13,3,4,2023,15,0,0,0,0,0
2023-04-14,14,4,4,2023,15,0,0,0,0,0
2023-04-15,15,5,4,2023,15,0,0,0,0,0
2023-04-16,16,6,4,2023,15,0,0,0,0,0
2023-04-17,17,0,4,2023,16,0,0,0,0,0
2023-04-18,18,1,4,2023,16,0,0,0,0,0
2023-04-19,19,2,4,2023,16,0,0,0,0,0
2023-04-20,20,3,4,2023,16,0,0,0,0,0
2023-04-21,21,4,4,2023,16,0,0,0,0,0
2023-04-22,22,5,4,2023,16,0,0,0,0,0
2023-04-23,23,6,4,2023,16,0,0,0,0,0
2023-04-24,24,0,4,2023,17,0,0,0,0,0
2023-04-25,25,1,4,2023,17,0,0,0,0,0
2023-04-26,26,2,4,2023,17,0,0,0,0,0
2023-04-27,27,3,4,2023,17,0,0,0,0,0
2023-04-28,28,4,4,2023,17,0,0,0,0,0
2023-04-29,29,5,4,2023,17,0,0,0,0,0
2023-04-30,30,6,4,2023,17,0,1,0,0,0
2023-05-01,1,0,5,2023,18,1,0,0,0,0
2023-05-02,2,1,5,2023,18,0,0,1,0,0
2023-05-03,3,2,5,2023,18,0,0,0,0,0
2023-05-04,4,3,5,2023,18,0,0,0,0,0
2023-05-05,5,4,5,2023,18,0,0,0,0,0
2023-05-06,6,5,5,2023,18,0,0,0,0,0
2023-05-07,7,6,5,2023,18,0,1,0,0,0
2023-05-08,8,0,5,2023,19,1,0,0,0,0
2023-05-09,9,1,5,2023,19,0,0,1,0,0
2023-05-10,10,2,5,2023,19,0,0,0,0,0
2023-05-11,11,3,5,2023,19,0,0,0,0,0
2023-05-12,12,4,5,2023,19,0,0,0,0,0
2023-05-13,13,5,5,2023,19,0,0,0,0,0
2023-05-14,14,6,5,2023,19,0,0,0,0,0
2023-05-15,15,0,5,2023,20,0,0,0,0,0
2023-05-16,16,1,5,2023,20,0,0,0,0,0
2023-05-17,17,2,5,2023,20,0,1,0,0,0
2023-05-18,18,3,5,2023,20,1,0,0,0,0
2023-05-19,19,4,5,2023,20,0,0,1,0,0
2023-05-20,20,5,5,2023,20,0,0,0,0,0
2023-05-21,21,6,5,2023,20,0,0,0,0,0
2023-05-22,22,0,5,2023,21,0,0,0,0,0
2023-05-23,23,1,5,2023,21,0,0,0,0,0
2023-05-24,24,2,5,2023,21,0,0,0,0,0
2023-05-25,25,3,5,2023,21,0,0,0,0,0
2023-05-26,26,4,5,2023,21,0,0,0,0,0
2023-05-27,27,5,5,2023,21,0,0,0,0,0
2023-05-28,28,6,5,2023,21,0,1,0,0,0
2023-05-29,29,0,5,2023,22,1,0,0,0,0
2023-05-30,30,1,5,2023,22,0,0,1,0,0
2023-05-31,31,2,5,2023,22,0,0,0,0,0
2023-06-01,1,3,6,2023,22,0,0,0,0,0
